[
    {
        "username": "0301PJ",
        "realname": "0301PJ",
        "private": false,
        "mutuals": [
            "SammiTheAngel1",
            "wntrbrtae",
            "jnsflowerboomb",
            "anyzombiewolf",
            "lucifer__san",
            "acevanrose",
            "Mikeiscolder",
            "harrehputtah",
            "littlequeeremo",
            "PurposeSeeker",
            "riicoou",
            "EinMick"
        ]
    },
    {
        "username": "97cvpid",
        "realname": "97cvpid",
        "private": false,
        "mutuals": [
            "taodokoro",
            "noyasenpai_",
            "lordweebimus",
            "sakurachiika",
            "sushiinote",
            "ahirosnk",
            "cxonata",
            "keijiclub",
            "omaewaXX",
            "dummzaii"
        ]
    },
    {
        "username": "adelaosorio14",
        "realname": "adelaosorio14",
        "private": false,
        "mutuals": [
            "zcj1999",
            "MichaelSlikker",
            "nicolechora",
            "sean_h71",
            "dylan_buchholz",
            "hhaannaamarie",
            "bobayeeee",
            "KaileySato",
            "Grampsluvs17",
            "bonboncafesito",
            "SaigeMerritt",
            "hunter_endresen",
            "KirkBB21",
            "TroyAvery_",
            "Blake__is__god"
        ]
    },
    {
        "username": "agidyne",
        "realname": "agidyne",
        "private": false,
        "mutuals": [
            "freckledraws",
            "erzoox",
            "azfells",
            "MiraiNagasus3A",
            "yumizuruellie",
            "midoriwillfight",
            "moogIeshop",
            "ashuneras",
            "Rue___Scribe",
            "empresstuk"
        ]
    },
    {
        "username": "alex_lunham",
        "realname": "alex_lunham",
        "private": false,
        "mutuals": [
            "PrinceCrowleys",
            "uglybeetroot",
            "ToriaD20",
            "milfalghul",
            "SammieKatL",
            "XerphenaShini",
            "xixiy0",
            "NamidMamaw",
            "Caladrel11",
            "crispduwang",
            "notraecorston"
        ]
    },
    {
        "username": "altereg92095397",
        "realname": "altereg92095397",
        "private": false,
        "mutuals": [
            "minzsaurus"
        ]
    },
    {
        "username": "altoidoibs",
        "realname": "altoidoibs",
        "private": false,
        "mutuals": [
            "listsexual",
            "succulentul",
            "thepensw0rd",
            "grizzops",
            "mattyoksmith",
            "xkailajayx",
            "kinsey6moment",
            "callmemaks",
            "panberries",
            "kowbojkii",
            "abbeghoul",
            "h_grace94"
        ]
    },
    {
        "username": "anobraintate",
        "realname": "anobraintate",
        "private": false,
        "mutuals": [
            "duhdarii",
            "darthzjm",
            "zaynlence",
            "spookytiedye",
            "hangriffin_",
            "priyankavxx",
            "OriginOfLove6",
            "ainafarish4"
        ]
    },
    {
        "username": "arborwiIds",
        "realname": "arborwiIds",
        "private": false,
        "mutuals": [
            "aasimar",
            "7woozy",
            "praeliumm",
            "butchlegend",
            "royalelfroots",
            "diazotroph",
            "dawnofthewoIf",
            "korcarii",
            "ashenisle",
            "ampedtoxtricity",
            "starparades",
            "healmateria",
            "strwbrrytiger",
            "gardenmoth",
            "angelicfaun",
            "wiIdflowersun",
            "wlwciri",
            "shoulderaaa",
            "dysdandy",
            "celesteacnh",
            "Iivormortis",
            "plaguepeaches",
            "charjabug",
            "shirecore"
        ]
    },
    {
        "username": "asingularjautt",
        "realname": "asingularjautt",
        "private": false,
        "mutuals": [
            "shinotamashi",
            "topsickles",
            "wesleyghj99",
            "rosepetals003",
            "firejiu_",
            "EuieMcnl",
            "rurimiu_",
            "stanagency",
            "hunniedews",
            "CindiquilS"
        ]
    },
    {
        "username": "ASmallRaspberry",
        "realname": "ASmallRaspberry",
        "private": false,
        "mutuals": [
            "OmarMansour1101",
            "ArtistJaeBean",
            "SquintAndMissIt",
            "J4_3D",
            "harrehputtah",
            "Queetit",
            "minzsaurus",
            "zthe0",
            "_Unicorn_Cat_"
        ]
    },
    {
        "username": "astraImoon",
        "realname": "astraImoon",
        "private": false,
        "mutuals": [
            "milkymuimui",
            "Yewnho",
            "maeskeller",
            "hoeforhelena",
            "starlilune",
            "quartzalicious",
            "micherrytree",
            "_Kinari221",
            "jillvvalentine",
            "ferrynyllaria",
            "Ba_Sing_Se",
            "Lattepom",
            "palletgeff",
            "fleurilise",
            "lightvestal",
            "isleofursa",
            "IiIacwood",
            "glacierbadge",
            "sunmitopme",
            "fieldsofverdun",
            "iceblights"
        ]
    },
    {
        "username": "beewarb",
        "realname": "beewarb",
        "private": false,
        "mutuals": [
            "caitl98"
        ]
    },
    {
        "username": "BigTiddyGoth2k",
        "realname": "BigTiddyGoth2k",
        "private": false,
        "mutuals": [
            "GraphicallyI",
            "rubberwebby"
        ]
    },
    {
        "username": "borschbaby",
        "realname": "borschbaby",
        "private": false,
        "mutuals": [
            "gravy_wavvy",
            "triceratopsjr",
            "preston_kill",
            "dj_trainwreck_",
            "FatherChariot",
            "Stuttle16Tuttle",
            "JennaPense1",
            "chrissalty",
            "cowboygothic",
            "J4_3D",
            "skoodenfroodie",
            "carrotkt",
            "uglybeetroot"
        ]
    },
    {
        "username": "cefnfors",
        "realname": "cefnfors",
        "private": false,
        "mutuals": [
            "akirarsene",
            "EMPRESSTWEETSZS",
            "creepyziegler",
            "LezboThem",
            "tricerabooty",
            "fiIous",
            "queershakespear",
            "gender_goblin"
        ]
    },
    {
        "username": "claudvonriegan",
        "realname": "claudvonriegan",
        "private": false,
        "mutuals": [
            "teIemachus",
            "starlilune",
            "sugimotosxichi",
            "sugimotosaichis",
            "nebulaspeach",
            "minaryos",
            "scifibisexual",
            "dr4gonage",
            "damnclerics",
            "pachyprin",
            "oatmilkey",
            "ka1edip",
            "agidyne",
            "gabwaii",
            "physicslesbian",
            "rymrgand",
            "catralovemail",
            "knifecatjpg",
            "gayvamq",
            "cefnfors",
            "katieeprime",
            "mysevendads",
            "J4_3D",
            "tylerm7d",
            "arborwiIds",
            "hanaasongs",
            "baronmariusp"
        ]
    },
    {
        "username": "crybabytozier",
        "realname": "crybabytozier",
        "private": false,
        "mutuals": [
            "rich_toz"
        ]
    },
    {
        "username": "cthatbitch",
        "realname": "cthatbitch",
        "private": false,
        "mutuals": [
            "hisokasbbydoll",
            "moonbintrack",
            "ExtraBeYouTiful",
            "anistaizha",
            "watahoshina",
            "gurenshiro",
            "isakisky"
        ]
    },
    {
        "username": "CuwtAsh",
        "realname": "CuwtAsh",
        "private": false,
        "mutuals": [
            "WIFICUTlE",
            "bujicat",
            "twelvedied",
            "hidnliftvillage",
            "ShrinkTime",
            "BiG_TisM",
            "soph_strr",
            "__girlofthesun",
            "juunoaki",
            "ADORASAHI",
            "sycawhore",
            "berliozbabey",
            "lil_anime_baby",
            "kiribestboy",
            "shoujokaze",
            "ASAKlSU"
        ]
    },
    {
        "username": "dev_icarus",
        "realname": "dev_icarus",
        "private": false,
        "mutuals": [
            "mermadethings",
            "JomarMz",
            "CodingDino",
            "j_4_red"
        ]
    },
    {
        "username": "DMTayy",
        "realname": "DMTayy",
        "private": false,
        "mutuals": [
            "_zoemacdougall",
            "moonstonedking",
            "AvelarMarlena",
            "sam_bowen13",
            "KierstenJParker",
            "renaecx",
            "litecoinbee",
            "ramasssy",
            "naomisullivan28",
            "taradactyle",
            "Audrey47749240",
            "Jamester1011",
            "MKLAFLARE",
            "ange1_luv",
            "sportymusicgrl4",
            "Bellakarissa",
            "daniel_dramos",
            "beccaabatmann",
            "REPULSl0N"
        ]
    },
    {
        "username": "dykevergent",
        "realname": "dykevergent",
        "private": false,
        "mutuals": [
            "theBokettoWitch",
            "cave_lesbian",
            "flirtycallum",
            "nnjustice4",
            "velvetsfilms",
            "90stiana",
            "degrassination",
            "livsgrande",
            "jinsgaygf",
            "theatrenby",
            "YOONBERRlES",
            "angstydyke",
            "99CUPIDS",
            "yyxyoejin",
            "thatspacequeer",
            "sofiascaleb"
        ]
    },
    {
        "username": "ems_stars",
        "realname": "ems_stars",
        "private": false,
        "mutuals": [
            "TrinkitTheCat",
            "David7LovesYou",
            "hopepunkdarling",
            "zolflovesu",
            "azizatalovely",
            "DrikYou",
            "SkraakY",
            "cel_loves_you",
            "hamidsorcerer",
            "loves_azu",
            "SashaCaresAbtU",
            "EddieLovesU"
        ]
    },
    {
        "username": "firejiu_",
        "realname": "firejiu_",
        "private": false,
        "mutuals": [
            "Sapphire_Lovez",
            "Prezlovesyou",
            "YellowLovesU",
            "BPokespe",
            "redlovesyou3",
            "spethetrainer",
            "lackwho",
            "tetoralovebot",
            "Lacktwolovesu",
            "topsickles",
            "Aerden6",
            "JT76_",
            "VehementTempest",
            "Rebooted15",
            "EverSo_Slightly",
            "BurnedToasterr",
            "guidingkee",
            "softtvee",
            "Omaomastar",
            "fucking_kodak",
            "asingularjautt",
            "EggmanSpe",
            "Nobadi_",
            "ReiZerou",
            "mangosteen47",
            "notjolteon"
        ]
    },
    {
        "username": "freeBJs",
        "realname": "freeBJs",
        "private": false,
        "mutuals": [
            "jennaHluvsyou",
            "scntafxs",
            "sp00kyh4nd",
            "mushmlovesu",
            "lookat_thiscrib",
            "karenclovesyou",
            "elmerklovesu",
            "specslovesu",
            "iamlesjacobs",
            "AdamMLovesU",
            "BubbleBeAwesome",
            "bright_beetle",
            "txckeverIasting",
            "lydeetzss",
            "heavenlyliv",
            "beetlebway",
            "LydiaMaitlandd",
            "izzybuckton",
            "valsreactor",
            "SapphireWolf17",
            "totallyfricked"
        ]
    },
    {
        "username": "gabwaii",
        "realname": "gabwaii",
        "private": false,
        "mutuals": [
            "DG__Santana",
            "Phantas_",
            "mvvnny",
            "lolvannita",
            "PastaMake",
            "MambaRL",
            "ZeldrisOW",
            "ToastRL",
            "G44RR_",
            "maizespud69",
            "TTVKoalafiedd"
        ]
    },
    {
        "username": "gayvamq",
        "realname": "gayvamq",
        "private": false,
        "mutuals": [
            "leftiststickers",
            "LunarNekoNeko",
            "jya_kuma",
            "MissMcPumpkin",
            "BlueeyesLP",
            "hanugh666"
        ]
    },
    {
        "username": "HALO_CATS",
        "realname": "HALO_CATS",
        "private": false,
        "mutuals": [
            "rnaxie",
            "lesbianmedb",
            "asleepingflower",
            "sanriodva",
            "daddy_itachi",
            "stepunnay",
            "captainbooty56",
            "glitterspud",
            "drpepperberry",
            "lairieI",
            "qhostheart"
        ]
    },
    {
        "username": "harrehputtah",
        "realname": "harrehputtah",
        "private": false,
        "mutuals": [
            "doriansdetails",
            "tibor_slu",
            "m3ta1h3ad1",
            "rayaayy",
            "J4_3D",
            "minzsaurus",
            "ASmallRaspberry",
            "zthe0",
            "emotional_ocean",
            "Tscheffus",
            "0301PJ"
        ]
    },
    {
        "username": "HilaSketchCat",
        "realname": "HilaSketchCat",
        "private": false,
        "mutuals": [
            "taakolovesyou",
            "Kristsune",
            "oscarlovesthsea",
            "rinnannon",
            "joyunofficially",
            "TrinkitTheCat",
            "catoAKAcato",
            "mosstrades",
            "eliasbtolerates",
            "jonsimslovesyou",
            "cussbunny"
        ]
    },
    {
        "username": "HistoriaGloria",
        "realname": "HistoriaGloria",
        "private": false,
        "mutuals": [
            "sophietalia",
            "OliverBLovesYou",
            "rosie_archive",
            "oscarlovesthsea",
            "abbeghoul",
            "timstkerlovesu",
            "Tobi_Tenkit",
            "DBBrianLovesYou",
            "nastyalovesu",
            "drcarmillaluvsu",
            "crowary_",
            "dahlia_loves",
            "dukeroseluvsyou",
            "SashaJamesLoves",
            "Asheslovesu",
            "judeperryloves",
            "BeholdItHimMe",
            "CaptainDVille",
            "RRRRITALOVESYOU"
        ]
    },
    {
        "username": "hunniedews",
        "realname": "hunniedews",
        "private": false,
        "mutuals": [
            "KaidasVault",
            "Prezlovesyou",
            "spethetrainer",
            "YellowLovesU",
            "soudotsurugis",
            "redlovesyou3",
            "BPokespe",
            "Sun_Loves_U_",
            "Sapphire_Lovez",
            "EverSo_Slightly"
        ]
    },
    {
        "username": "HunterCleghon",
        "realname": "HunterCleghon",
        "private": false,
        "mutuals": [
            "JohnSnapp11",
            "maicko__",
            "tiffsnp",
            "bret_calderone",
            "linzthomas16",
            "VasilichenkoA",
            "Brochacho4434",
            "Culleflower",
            "keanarmacrae",
            "noah_merino",
            "KierstenJParker",
            "Ryan_Gingerich",
            "kaitlinteck",
            "BradenFinley",
            "kadecoons",
            "calderone_8",
            "sophiarobles_",
            "cameronclausi9",
            "megannn2001"
        ]
    },
    {
        "username": "InquisitorGrox",
        "realname": "InquisitorGrox",
        "private": false,
        "mutuals": [
            "GraphicallyI",
            "ghost_terra",
            "Cakeboss419",
            "Greenstuffnglue",
            "BigTiddyGoth2k",
            "SkjaldF",
            "FartyCheddarCat",
            "TheBoardGameHQ",
            "NicolaGoodman1",
            "LilianSquiggly",
            "hammer_old",
            "GeekzAnonymous"
        ]
    },
    {
        "username": "itswondy",
        "realname": "itswondy",
        "private": false,
        "mutuals": [
            "hannahllamarie",
            "VAGITAR1AN",
            "proletariatpuss",
            "nataweee__"
        ]
    },
    {
        "username": "J4_3D",
        "realname": "J4_3D",
        "private": false,
        "mutuals": [
            "KierstenJParker",
            "velvetveIour",
            "zthe0",
            "harrehputtah",
            "minzsaurus",
            "ASmallRaspberry",
            "topsickles",
            "rinnannon",
            "claudvonriegan",
            "uglybeetroot",
            "borschbaby",
            "skoodenfroodie",
            "vengeancetrail",
            "j_4_red",
            "enrejts"
        ]
    },
    {
        "username": "JAY_JR__",
        "realname": "JAY_JR__",
        "private": false,
        "mutuals": [
            "Hannah_Whitmann",
            "VinnySalvione",
            "HaskinsTate",
            "EliteAcidRain",
            "IsfeldBlake",
            "IsisAlexander9",
            "NathenDavies",
            "JesseGreenhill4",
            "katyaomarovaaa",
            "sophiamarriiee",
            "kianathalia2",
            "KierstenJParker"
        ]
    },
    {
        "username": "JesseGreenhill4",
        "realname": "JesseGreenhill4",
        "private": false,
        "mutuals": [
            "itismedaphne",
            "badvdecizions",
            "cameron_neuhoff",
            "lily_hartman12",
            "cjvickroy",
            "peachieclover",
            "Julia59043304",
            "_Freddy503",
            "reaganvandolah",
            "FrancineMortaz1",
            "KjRuffo",
            "BachiCallaway",
            "aeryyyn",
            "crackheadcoven",
            "Chobani_1648",
            "IsisAlexander9",
            "bitchachaaa",
            "JAY_JR__",
            "anniedelehant"
        ]
    },
    {
        "username": "JLoftgren_LBR",
        "realname": "JLoftgren_LBR",
        "private": false,
        "mutuals": [
            "Qsap_Qerg",
            "ballofsasss",
            "vaekamara",
            "mmckenzieed",
            "himynameiskiko",
            "SirPatrick24",
            "Yo_Boii_Dpye",
            "compadre_jincho"
        ]
    },
    {
        "username": "joyful_jaden",
        "realname": "joyful_jaden",
        "private": false,
        "mutuals": [
            "BlakeDeming1",
            "ryan_davy_"
        ]
    },
    {
        "username": "JT76_",
        "realname": "JT76_",
        "private": false,
        "mutuals": [
            "BPokespe",
            "Prezlovesyou",
            "sadd41317792",
            "CopperTrapinch",
            "mangosteen47",
            "wesleyghj99",
            "lackwho",
            "Nobadi_",
            "softOCs",
            "notjolteon",
            "VehementTempest",
            "CrazedSan",
            "BurnedToasterr",
            "EvieKrystal",
            "guidingkee",
            "hunniedews",
            "Aerden6",
            "strawLT",
            "dearlybruhloved",
            "CindiquilS",
            "topsickles",
            "hanamits",
            "stanagency",
            "firejiu_",
            "Narf_Nurd"
        ]
    },
    {
        "username": "j_4_red",
        "realname": "j_4_red",
        "private": false,
        "mutuals": [
            "dev_icarus",
            "J4_3D"
        ]
    },
    {
        "username": "ka1edip",
        "realname": "ka1edip",
        "private": false,
        "mutuals": [
            "speedosiete",
            "chiefskyes",
            "kamui71055794",
            "sabrubz",
            "eva_houser",
            "greaterrthanyou",
            "izzystepanek",
            "jesmccree",
            "captainshery",
            "jimincumslut",
            "beatsbyvaleria",
            "olivia_rose56",
            "s_hallz",
            "ariesbruxa",
            "moneycombe",
            "talyamayman29",
            "Iovelitchi",
            "dickfarmshel",
            "cxxroline",
            "makailaaa",
            "4han_nah4",
            "janeeoh86",
            "izzy_schmidtyy",
            "halynvalley",
            "valerialvarezs",
            "moriturism",
            "chantelleh_",
            "claudvonriegan",
            "Shea1229",
            "wtmdemi"
        ]
    },
    {
        "username": "katieeprime",
        "realname": "katieeprime",
        "private": false,
        "mutuals": [
            "ggLanaLoL",
            "bex_huh",
            "ukulately_",
            "AlexNguyen14",
            "zja2damax",
            "iseolina",
            "kristi_vy",
            "Soranin422",
            "aidreu",
            "relimerences",
            "adrianateex3",
            "le_floor",
            "SenpaiLiv",
            "ajsimeon",
            "IChiscake",
            "yung_doan",
            "astral_flames",
            "okamyyy",
            "__lalamille",
            "theaveragejoe69",
            "DeceitfulRain",
            "yourtendies",
            "kehnoobi",
            "r4ndycam"
        ]
    },
    {
        "username": "KierstenJParker",
        "realname": "KierstenJParker",
        "private": false,
        "mutuals": [
            "J4_3D",
            "SavKilgore1",
            "Littlegreyfoxx",
            "JesseGreenhill4",
            "DMTayy",
            "anyflavore",
            "TheDrunkJake",
            "HunterCleghon",
            "prufasa",
            "TheeJoshElliot",
            "RexTrillerson",
            "NoticablyBacon",
            "Meghan_Goss",
            "anobraintate",
            "adelaosorio14",
            "KobaIt40",
            "JAY_JR__",
            "JLoftgren_LBR",
            "joyful_jaden"
        ]
    },
    {
        "username": "kilaloex",
        "realname": "kilaloex",
        "private": false,
        "mutuals": [
            "animexxz",
            "UnethicalMr",
            "Armystaee",
            "nekom0m",
            "kuraiganas",
            "ms_izzychan",
            "aesthetic_us",
            "chuuya_cult",
            "shirakvbe",
            "sleepyboi21",
            "vorekashi",
            "3LLY_twt",
            "lovingkageyama",
            "90snemi",
            "mo_ed26",
            "kuyutaa",
            "sighsabrina",
            "zqenky",
            "GlYUUZ",
            "oikadeku",
            "rcngoku",
            "tokyofuyu",
            "kiIugn",
            "roseliuh",
            "kacchzn",
            "tqrbulent",
            "vanillakambini",
            "chrxlloswaifu",
            "leviismysugarb",
            "kyorusimp",
            "nishimawa"
        ]
    },
    {
        "username": "kimabutch",
        "realname": "kimabutch",
        "private": false,
        "mutuals": [
            "srapsodia",
            "itbepansam",
            "abbeghoul",
            "h_grace94",
            "TrinkitTheCat",
            "coralreefskim",
            "rqgminuscontext",
            "literallydipper"
        ]
    },
    {
        "username": "Kingofthedevil5",
        "realname": "Kingofthedevil5",
        "private": false,
        "mutuals": [
            "i_sophist",
            "GraphicallyI",
            "DiceyJune",
            "Chriskardiac1",
            "JamieBinnie1976",
            "Arkanis",
            "builds_legend"
        ]
    },
    {
        "username": "kitkatkaitt",
        "realname": "kitkatkaitt",
        "private": false,
        "mutuals": [
            "cherryassdean",
            "offdensen_",
            "ohemperigee",
            "ryanninesling",
            "SwiftStrider",
            "misskass",
            "rinnannon",
            "maralizabeth",
            "teldryn",
            "rarianomivera",
            "kaitann19999"
        ]
    },
    {
        "username": "knifecatjpg",
        "realname": "knifecatjpg",
        "private": false,
        "mutuals": [
            "teIemachus",
            "colesphelps",
            "zulejkaa",
            "claudvonriegan",
            "sorcierecat",
            "skelliges",
            "elizamarahawke",
            "kalidels",
            "vampyrelle_",
            "pentta_"
        ]
    },
    {
        "username": "KobaIt40",
        "realname": "KobaIt40",
        "private": false,
        "mutuals": [
            "DBCouv",
            "MikeyWax"
        ]
    },
    {
        "username": "kozumekills",
        "realname": "kozumekills",
        "private": false,
        "mutuals": [
            "Jellymike51",
            "pltvevo",
            "iykyuno",
            "luvcxre",
            "sighsabrina",
            "muugggenn",
            "kiIugn",
            "kenmasbae",
            "krronenn",
            "kagegguk",
            "ToxicBystander",
            "kuroosthigh",
            "clhownn",
            "noyasenpai_",
            "Keiri_san",
            "todorokiou",
            "chenerii",
            "reriversl"
        ]
    },
    {
        "username": "kuontsuruga",
        "realname": "kuontsuruga",
        "private": false,
        "mutuals": [
            "charmaiii_",
            "luvkouchu",
            "tsukuyogf",
            "lia2666",
            "todorokiswhore",
            "lakohi_",
            "DomSanji",
            "AZUMANEZ",
            "ognanjes",
            "miyuukeii",
            "dazaibu",
            "sugimotosaichis",
            "1800ANlME",
            "watashinotriste",
            "sukiitaro",
            "crispybestboy",
            "senoyayuuu",
            "naigisas",
            "roseliuh",
            "yourhappyhomo",
            "sugawarist",
            "kiIugn",
            "Sophie19784647",
            "starryakaashi",
            "_kageluvv",
            "narutoswallet",
            "huachus",
            "shareeamariion",
            "clorhine"
        ]
    },
    {
        "username": "Littlegreyfoxx",
        "realname": "Littlegreyfoxx",
        "private": false,
        "mutuals": [
            "twtchywitchygal",
            "CC_KAL",
            "_shannyy__",
            "mayonnaise18_",
            "itsgirlinink",
            "KatimusPrimeTV",
            "KierstenJParker",
            "arrischormann",
            "EmilyRobinson00",
            "troublecaine"
        ]
    },
    {
        "username": "love444sure",
        "realname": "love444sure",
        "private": false,
        "mutuals": [
            "saturnalien_",
            "Tuh_Kay_Duh"
        ]
    },
    {
        "username": "m3ta1h3ad1",
        "realname": "m3ta1h3ad1",
        "private": false,
        "mutuals": [
            "harrehputtah"
        ]
    },
    {
        "username": "michaeldeviant",
        "realname": "michaeldeviant",
        "private": false,
        "mutuals": [
            "OPECAMA",
            "oh_monte",
            "killth3r0ck"
        ]
    },
    {
        "username": "minaryos",
        "realname": "minaryos",
        "private": false,
        "mutuals": [
            "catzfood",
            "p5rgoro",
            "faderogue",
            "huntwithakira",
            "zevranz",
            "flemethsson",
            "henrytomasinos",
            "finecrow",
            "elzbach",
            "chrysaors",
            "summonhero",
            "crowlovesall",
            "sulk_kid",
            "fiishlungs",
            "dopplios",
            "werepixie",
            "queerdimitri",
            "14pockets",
            "NlMUE",
            "sailoralyson",
            "hazardtxt",
            "gautiercock",
            "aviianart",
            "gachapython",
            "besithia",
            "ellieviate",
            "nooklesbian",
            "sagefired"
        ]
    },
    {
        "username": "minzsaurus",
        "realname": "minzsaurus",
        "private": false,
        "mutuals": [
            "altereg92095397",
            "zthe0",
            "J4_3D",
            "harrehputtah",
            "ASmallRaspberry",
            "NumbWillie"
        ]
    },
    {
        "username": "mrbeebleboose",
        "realname": "mrbeebleboose",
        "private": false,
        "mutuals": [
            "heknowshisherbs",
            "westendshaks",
            "_sucksyes_",
            "Paintbrushfox",
            "feldmanchalamet",
            "BRYANCOLLlNS",
            "BLAlRPFAFF",
            "fecklessfly",
            "snowcresc",
            "briightman",
            "bwayallison",
            "imthesexywitch",
            "Lissa785601921",
            "abfsdisney"
        ]
    },
    {
        "username": "nebulaspeach",
        "realname": "nebulaspeach",
        "private": false,
        "mutuals": [
            "theaquadolls",
            "terylble",
            "YasMinty",
            "tropi_tal",
            "HotCheetoASMR",
            "yulia_draws",
            "claudvonriegan",
            "JaketheBearr",
            "totalhedgi",
            "Loutrophile",
            "LindaFromPluto",
            "lavellanss",
            "luvsicpart3",
            "peppernics"
        ]
    },
    {
        "username": "NeptuneMusic_",
        "realname": "NeptuneMusic_",
        "private": false,
        "mutuals": [
            "shoutoandshoyou",
            "pink_PORQUE",
            "itsnoelani__",
            "imainbanjo",
            "tsukuyvmi",
            "sugimotosaichis",
            "sazzfo",
            "ping_pong_gal",
            "brew_loo",
            "Shiro__NA",
            "TohruHonda_Kyo",
            "wokekaminari",
            "TohruIsOuRAngel",
            "shotsxships",
            "lyfuwzee",
            "WIFICUTlE",
            "RhetoricaIlE",
            "_pinkcheeks_",
            "raraechu",
            "kutingniaizawa",
            "TiradorNgSetter",
            "sushinoyaa"
        ]
    },
    {
        "username": "NicolaGoodman1",
        "realname": "NicolaGoodman1",
        "private": false,
        "mutuals": [
            "SomeGuyWithaDog",
            "BuffGrinch2",
            "zthe0",
            "BigTiddyGoth2k",
            "InquisitorGrox",
            "Tshaeness",
            "CosplayCyborg"
        ]
    },
    {
        "username": "Nobadi_",
        "realname": "Nobadi_",
        "private": false,
        "mutuals": [
            "firejiu_",
            "BPokespe",
            "JT76_",
            "topsickles",
            "hunniedews",
            "CrazedSan",
            "_selphic",
            "stanagency"
        ]
    },
    {
        "username": "number1fansie",
        "realname": "number1fansie",
        "private": false,
        "mutuals": [
            "Fandoms_Rise",
            "_BanditKing_",
            "skoodenfroodie",
            "weakformusicals",
            "ehbuhnee",
            "bway_obsessions",
            "BizzyIzzyz",
            "renjamin03",
            "angelofmusicals",
            "kimashton",
            "bwaytaps",
            "eurqdice",
            "riverthehomo",
            "rhiannonrumours",
            "AbbyMil46420645",
            "bonafcnte",
            "NEWSIESTVEIT",
            "TiaraJFielding",
            "rxsieonbway"
        ]
    },
    {
        "username": "NumbWillie",
        "realname": "NumbWillie",
        "private": false,
        "mutuals": [
            "hasrock36",
            "cindytang608",
            "loz_nugget",
            "poon_ninja",
            "frickin_jenn",
            "iwinalot7",
            "Stewbagel_",
            "Wings95ttv",
            "DeMoNiKZA",
            "auskoala_",
            "Kae_Whatever",
            "theSpaghettiB"
        ]
    },
    {
        "username": "oatmilkey",
        "realname": "oatmilkey",
        "private": false,
        "mutuals": [
            "show_your_love_",
            "pseudoeboy",
            "voteforsappho",
            "crystaIjimenez",
            "sober2d3ath"
        ]
    },
    {
        "username": "ohallows13",
        "realname": "ohallows13",
        "private": false,
        "mutuals": [
            "j_whirl44",
            "grizzops",
            "dykeishly",
            "abbeghoul",
            "AnnieShoes1",
            "hobbitgeiszler",
            "lesbianlich",
            "corvusclown",
            "coralreefskim"
        ]
    },
    {
        "username": "oikanoo",
        "realname": "oikanoo",
        "private": false,
        "mutuals": [
            "tiffanylchou",
            "mlmlinhardt",
            "emosasukes",
            "aizawhat",
            "n0itceffa",
            "awoosbian",
            "knoxborne",
            "Silly_Fly_Media",
            "ofwickedsnakes"
        ]
    },
    {
        "username": "pachyprin",
        "realname": "pachyprin",
        "private": false,
        "mutuals": [
            "picklecrossing",
            "babyvulpiix",
            "etherealitya",
            "brieacnh",
            "IslandFreyr",
            "crossingliss",
            "krisscrossingg",
            "shereen_tides",
            "akibapeach",
            "honeycrossing_",
            "NomiTimesTwo",
            "stonkmarketer",
            "eggednog",
            "bananaacrossing",
            "BorahaeIsland",
            "FeelsHumble",
            "flurrycrossing",
            "randanimals",
            "tayhorn__",
            "dearvestra",
            "towhateverends",
            "astrafey",
            "deadotp"
        ]
    },
    {
        "username": "physicslesbian",
        "realname": "physicslesbian",
        "private": false,
        "mutuals": [
            "feypactx",
            "acidroses11_",
            "kindlestuck",
            "loveelixirs",
            "ellseeraines",
            "epilesbian"
        ]
    },
    {
        "username": "portgasayanami",
        "realname": "portgasayanami",
        "private": false,
        "mutuals": [
            "kumorigf",
            "sugimotosaichis",
            "lordyato_",
            "kacchanhatesu",
            "HamnnySenpai",
            "ackermikan",
            "mafukoku",
            "ognanjes",
            "tsukkiroar",
            "senoyayuuu",
            "luvskenmaa",
            "yatorizon",
            "shoyonigiri",
            "aotstan1",
            "nousotachibana",
            "osanoya",
            "90snemi",
            "escanorisdeadn",
            "cielynx",
            "honeykurapika",
            "Monaaamii",
            "hawkswhore28",
            "casillorando",
            "LOVEKElJI",
            "animekpopfancam",
            "aanimethots",
            "28sjn"
        ]
    },
    {
        "username": "PorthosStaffy",
        "realname": "PorthosStaffy",
        "private": false,
        "mutuals": [
            "lou_loucool",
            "PeachesPomPom1",
            "mavryk_thebully",
            "frpack",
            "LuxPetLife",
            "cherishedcanine",
            "BerneseMDogs",
            "AdoptionsUk",
            "fearlessmaltese",
            "FurbabyThoughts",
            "_MyLovelyPet_",
            "SouthernPawPaw"
        ]
    },
    {
        "username": "prufasa",
        "realname": "prufasa",
        "private": false,
        "mutuals": [
            "JACE_WYMAN",
            "VitricateAP",
            "FatCat_PartyHat",
            "MikeVickforHOF",
            "MalcolmXJr__",
            "BTABFroe",
            "RankEmSports",
            "danni_messina",
            "mobo97_",
            "danellee95",
            "hansaekim",
            "H4rtbreak",
            "trapdaddyjosh",
            "liapetronio",
            "CleanNolsy",
            "AJSheahan",
            "yungwerther1",
            "beachbummer138",
            "cory_fort",
            "_averagemeat",
            "Toughscenehere_",
            "jpayne1816",
            "darealcharlib93"
        ]
    },
    {
        "username": "raouIsdechagny",
        "realname": "raouIsdechagny",
        "private": false,
        "mutuals": [
            "nevaknows",
            "asapphicstyles",
            "zcffirelli",
            "nogooddeedz",
            "kkmetaI",
            "kissmeohara",
            "COSMICMANDO",
            "burndvis",
            "longfullmoon_",
            "bwaychele",
            "rueplumets",
            "fource4eva",
            "tiniebeeb",
            "himbokirk",
            "enbeeboy",
            "hotguyinlesmis",
            "stcrryeyes",
            "OllyFlynn_",
            "ofdawnanddew",
            "emma__theriot",
            "arsenaloutlaws",
            "LargerFarthing",
            "spidxrgwxn"
        ]
    },
    {
        "username": "rayaayy",
        "realname": "rayaayy",
        "private": false,
        "mutuals": [
            "dannifaith1",
            "gentlegami"
        ]
    },
    {
        "username": "redveIvets",
        "realname": "redveIvets",
        "private": false,
        "mutuals": [
            "sugardews",
            "starlilune",
            "dvahbomb",
            "paniplays",
            "egirlbrigitte",
            "poIiwhirls",
            "ignitegguk",
            "IovebaII",
            "kiikosho",
            "IibertybeIIe",
            "cygenji",
            "AppleTeaNoAji",
            "Hyukkish",
            "dilfwaititi",
            "likeasandur"
        ]
    },
    {
        "username": "RexTrillerson",
        "realname": "RexTrillerson",
        "private": false,
        "mutuals": [
            "thegardenofevie",
            "itspapibrando",
            "jess_aragon2",
            "itsabb803",
            "lNTELLlGENTS",
            "cocosberner",
            "TheGabafool",
            "ksherm99",
            "wmelanieee",
            "blondebastic",
            "Jake_aye",
            "madisonn_aubrey",
            "gothgrlrights"
        ]
    },
    {
        "username": "rinnannon",
        "realname": "rinnannon",
        "private": false,
        "mutuals": [
            "HilaSketchCat",
            "ems_stars",
            "HistoriaGloria",
            "ohallows13",
            "Shy_magpie",
            "altoidoibs",
            "kimabutch",
            "ForestAgain34",
            "michaeldeviant",
            "J4_3D",
            "kitkatkaitt"
        ]
    },
    {
        "username": "rosepetals003",
        "realname": "rosepetals003",
        "private": false,
        "mutuals": [
            "Ruby_LovesU",
            "Prezlovesyou",
            "redlovesyou3",
            "TsurunoLovesYou",
            "soudotsurugis",
            "lackwho",
            "schilly_screams",
            "spethetrainer",
            "BPokespe",
            "Sun_Loves_U_",
            "YellowLovesU",
            "FullAsianJay",
            "Sapphire_Lovez"
        ]
    },
    {
        "username": "rymrgand",
        "realname": "rymrgand",
        "private": false,
        "mutuals": [
            "rudshores",
            "rosydruid",
            "mariabeIls",
            "forsakenfemme",
            "kooverwatch",
            "bpdsasuke",
            "rnaxie",
            "neverrmores",
            "bIackwatch",
            "ohIettie",
            "hellblazerh",
            "starsscapes",
            "LlANFANGZUN",
            "sanguineseptim",
            "loonasowhat",
            "aethernotair",
            "sIayerjinx",
            "dxviltown_",
            "strawkitties",
            "daIishwitch",
            "widowmpc",
            "shishigumis",
            "solflowerrs"
        ]
    },
    {
        "username": "sadpoopingboys",
        "realname": "sadpoopingboys",
        "private": false,
        "mutuals": [
            "topsickles",
            "yukishiroazumas",
            "Hulian0036",
            "strawLT",
            "ThisJoaje",
            "punkiyity",
            "its_slutphie",
            "sportanime",
            "sillygoosehonk",
            "peachymomose",
            "sssporadic",
            "CopperTrapinch",
            "deddoribusu",
            "sheersinister",
            "hamubanh",
            "RumbleMess",
            "maverickminuano"
        ]
    },
    {
        "username": "SavKilgore1",
        "realname": "SavKilgore1",
        "private": false,
        "mutuals": [
            "KierstenJParker",
            "cole_smetana",
            "salivacity",
            "SharedMotivati1",
            "jakyxe",
            "QBarnaby",
            "MontanaRoseChri",
            "RobertMChristie"
        ]
    },
    {
        "username": "Shy_magpie",
        "realname": "Shy_magpie",
        "private": false,
        "mutuals": [
            "oscarlovesthsea",
            "JoriePage",
            "DrikYou",
            "ilikecetaceans",
            "loves_azu",
            "Stixer111",
            "preraphaeltpunk",
            "tmataperecorder",
            "Kristsune",
            "TrinkitTheCat",
            "Flammenkobold"
        ]
    },
    {
        "username": "starlilune",
        "realname": "starlilune",
        "private": false,
        "mutuals": [
            "HALO_CATS",
            "silverfullers",
            "claudvonriegan",
            "yoonwrld",
            "_moonjinnies",
            "emetselched",
            "astraImoon",
            "oikanoo",
            "redveIvets"
        ]
    },
    {
        "username": "sugimotosaichis",
        "realname": "sugimotosaichis",
        "private": false,
        "mutuals": [
            "kuontsuruga",
            "97cvpid",
            "portgasayanami",
            "NeptuneMusic_",
            "kozumekills",
            "cthatbitch",
            "alloiise",
            "kilaloex",
            "cxonata",
            "lattejoanna",
            "yunosdaughter",
            "sansfiIm",
            "mewkle",
            "mendosaiki",
            "aesthetic_us",
            "Kamisamakat",
            "miizukiis",
            "cuti4ef",
            "ttjxo127",
            "ellytachi",
            "levijeans_",
            "w_ceciii",
            "izukusoftboi",
            "741mj",
            "dat3ko",
            "narusasugay",
            "tetsuxkuroo",
            "MEGUM1LF",
            "anitwtoomfs",
            "miyuukeii"
        ]
    },
    {
        "username": "SWeinard",
        "realname": "SWeinard",
        "private": false,
        "mutuals": [
            "Middriftt",
            "KierstenJParker",
            "LucasDocHunt13",
            "OneMichaelWhite",
            "m_rose_997",
            "katiemudhen",
            "dontcallmepappi",
            "503TeamPrius"
        ]
    },
    {
        "username": "Take_Y0ur_Time_",
        "realname": "Take_Y0ur_Time_",
        "private": false,
        "mutuals": [
            "PossumUwU",
            "Jurassic_John_1",
            "seanaves6",
            "MatthewSgroi1",
            "milessburden",
            "XofDiamonds",
            "ana_winnerr",
            "worldsworse",
            "catboyisms",
            "grubbleman",
            "topsickles",
            "Olivia15710516",
            "ir3descence",
            "CamoWolf59",
            "SehdevSuresh",
            "SammyCM7",
            "IHateCops123"
        ]
    },
    {
        "username": "TheDrunkJake",
        "realname": "TheDrunkJake",
        "private": false,
        "mutuals": [
            "_Slaughterhoous",
            "Cambam987",
            "akamadeline",
            "JonScott2188",
            "Spacetime_Sheep",
            "rach_1820",
            "ComicsHey",
            "luminous_glow_",
            "ImagesPhone",
            "Poundz69860861",
            "neko_wafer",
            "haveyoumetmusic",
            "Rockin__Robin1",
            "Fuckingactors",
            "elliemaereeves"
        ]
    },
    {
        "username": "TheeJoshElliot",
        "realname": "TheeJoshElliot",
        "private": false,
        "mutuals": [
            "gomz55",
            "Xoxohannabby",
            "hannahjacoby10",
            "trueblazerfan",
            "QuintanaSylvie",
            "vaekamara",
            "muthafaye",
            "eherrema15",
            "Zackyypoo",
            "wyattsetz1",
            "jesseisthicc",
            "rlbrown11",
            "ConteeeS",
            "Mr_Portland",
            "enriquedunnn",
            "TheBasedGator",
            "The_ashperry",
            "ToneHergs",
            "dreymitchel",
            "SpamuelJohnson",
            "Bigsbee_Burner",
            "wutang_familia",
            "zhughes453",
            "heckanick",
            "NyaGresko"
        ]
    },
    {
        "username": "tibor_slu",
        "realname": "tibor_slu",
        "private": false,
        "mutuals": [
            "harrehputtah"
        ]
    },
    {
        "username": "Tscheffus",
        "realname": "Tscheffus",
        "private": false,
        "mutuals": [
            "harrehputtah"
        ]
    },
    {
        "username": "tylerm7d",
        "realname": "tylerm7d",
        "private": false,
        "mutuals": [
            "velvetveIour"
        ]
    },
    {
        "username": "uglybeetroot",
        "realname": "uglybeetroot",
        "private": false,
        "mutuals": [
            "crybabytozier",
            "love444sure",
            "beewarb",
            "alex_lunham",
            "itswondy",
            "notraecorston",
            "ojomajaba"
        ]
    },
    {
        "username": "unlikelyluvr",
        "realname": "unlikelyluvr",
        "private": false,
        "mutuals": [
            "MRF1NN",
            "DEMONFROMHXLL",
            "demon_lyds",
            "LlLydiaD",
            "skoodenfroodie",
            "intelligentstcr",
            "PATERNALLAUGHS",
            "UNDERWORLDEDITS",
            "StickItToTheMxn",
            "Deathslncarnate"
        ]
    },
    {
        "username": "vvillareals",
        "realname": "vvillareals",
        "private": false,
        "mutuals": [
            "zthe0",
            "SimmerDownMicha",
            "mysticflowursim",
            "ThePsychicYT",
            "pixelchixsimmer",
            "siennalaine",
            "SimmerHailee",
            "missionbadboy",
            "benji_simming",
            "SeanieSam",
            "pixylady10",
            "simbinaa",
            "simotional",
            "KbearSimmer"
        ]
    },
    {
        "username": "worldsworse",
        "realname": "worldsworse",
        "private": false,
        "mutuals": [
            "SehdevSuresh",
            "Take_Y0ur_Time_",
            "topsickles",
            "gehrzilla",
            "SammyCM7",
            "CamoWolf59",
            "leatherpantsgod",
            "grubbleman",
            "peachhoneybun",
            "milessburden",
            "owenasch",
            "anphibien",
            "Clairebitchards"
        ]
    },
    {
        "username": "wownerd1369",
        "realname": "wownerd1369",
        "private": false,
        "mutuals": [
            "_Nerd_Princess_",
            "NOFSpodcast",
            "Mocha_Minis",
            "Elessarion30",
            "justadadtrying",
            "pixelcrunchertv",
            "BigTiddyGoth2k",
            "Aliciumm",
            "Myshade1973"
        ]
    },
    {
        "username": "wulptices",
        "realname": "wulptices",
        "private": false,
        "mutuals": [
            "skoodenfroodie",
            "wonkasseur",
            "HideousPretty",
            "caspaint",
            "theriskyfixins",
            "hshhsjsjhsshs",
            "origanzi",
            "spudklok",
            "masilarose",
            "polyamorouspink",
            "fethsteeI",
            "holidaykiss_",
            "obi_loves",
            "padmecaresyou",
            "disgustking",
            "sapphoducks",
            "puppysprouts"
        ]
    },
    {
        "username": "yoonwrld",
        "realname": "yoonwrld",
        "private": false,
        "mutuals": [
            "KROMlZl",
            "ggukwrld",
            "dykebaejin",
            "pnkorbit",
            "arsonpillar",
            "angelappearance",
            "Iuvmoon",
            "starlilune",
            "nynalevin",
            "rinawithluv",
            "revsluvie",
            "yvephoria",
            "linjunyii",
            "fullsunhirai",
            "aquaorbitv",
            "tdcyooh",
            "nonsext",
            "twcetgrm"
        ]
    },
    {
        "username": "zthe0",
        "realname": "zthe0",
        "private": false,
        "mutuals": [
            "J4_3D",
            "Modhail2",
            "harrehputtah",
            "NicolaGoodman1",
            "BigTiddyGoth2k",
            "vvillareals",
            "minzsaurus",
            "ASmallRaspberry",
            "Kingofthedevil5",
            "PorthosStaffy",
            "InquisitorGrox",
            "wownerd1369"
        ]
    },
    {
        "username": "_moonjinnies",
        "realname": "_moonjinnies",
        "private": false,
        "mutuals": [
            "hamyosuke",
            "starlilune",
            "yvephoria",
            "revsluvie",
            "illabyes",
            "aquaorbitv",
            "linjunyii",
            "dewdawn_",
            "fullsunhirai",
            "JJKN90",
            "seokjaeee_",
            "lovefortaejoon",
            "bloodorvnge",
            "sparkyoungk",
            "foreverjoonie",
            "kthnroki",
            "koobicored",
            "meanpIastics",
            "cinta7221",
            "egoseokjinnie",
            "circadroid",
            "Iuvmoon",
            "bouldergyst",
            "serimanti",
            "glowj9n",
            "softbunjunhee",
            "caotichoi",
            "thegyuprint",
            "121wonpil",
            "johnjjae"
        ]
    }
]
